{"cameraMode":{"drawMode":0,"name":"Shaded","section":"Shading Mode"},"sceneLighting":true,"audioPlay":false,"sceneViewState":{"showFog":true,"showMaterialUpdate":false,"showSkybox":true,"showFlares":true,"showImageEffects":true,"showParticleSystems":true},"in2DMode":false,"pivot":{"x":6.52249813079834,"y":11.629316329956055,"z":32.83986282348633},"rotation":{"x":0.02999449521303177,"y":-0.008097759447991848,"z":-0.00024298302014358342,"w":-0.9995172619819641},"size":62.80113983154297,"orthographic":false}